name,smiles
aspirin,CC(=O)OC1=CC=CC=C1C(=O)O
ibuprofen,CC(C)CC1=CC=C(C=C1)C(C)C(=O)O
caffeine,CN1C=NC2=C1C(=O)N(C(=O)N2C)C
paracetamol,CC(=O)NC1=CC=C(C=C1)O
naproxen,COC1=CC2=CC(=CC=C2C=C1)C(C)C(=O)O
diclofenac,OC(=O)Cc1ccccc1Nc1c(Cl)cccc1Cl
warfarin,CC(=O)CC(c1ccccc1)c1c(O)c2ccccc2oc1=O
metformin,CN(C)C(=N)NC(=N)N
atorvastatin,CC(C)c1c(C(=O)Nc2ccccc2)c(-c2ccc(F)cc2)c(-c2ccc(O)cc2)n1CCC(O)CC(O)CC(=O)O
omeprazole,CC1=CN=C(C(=C1OC)C)CS(=O)c1nc2ccc(OC)cc2[nH]1
loratadine,CCOC(=O)N1CCC(=C2c3ccc(Cl)cc3CCc3cccnc23)CC1
cetirizine,OC(=O)COCCN1CCN(CC1)C(c1ccccc1)c1ccc(Cl)cc1
simvastatin,CCC(C)(C)C(=O)OC1CC(C)C=C2C=CC(C)C(CCC3CC(O)CC(=O)O3)C12
lisinopril,CCCCC(N(CCCC(N)C(=O)O)C(=O)C(CCc1ccccc1)N)C(=O)N1CCCC1C(=O)O
amlodipine,CCOC(=O)C1=C(COCCN)NC(C)=C(C(=O)OC)C1c1ccccc1Cl
losartan,CCCCc1nc(Cl)c(CO)n1Cc1ccc(-c2ccccc2-c2nnn[nH]2)cc1
metoprolol,COCCc1ccc(OCC(O)CNC(C)C)cc1
furosemide,NS(=O)(=O)c1cc(C(=O)O)c(NCc2ccco2)cc1Cl
ranitidine,CNC(=C[N+](=O)[O-])NCCSCc1ccc(CN(C)C)o1
sertraline,CNC1CCC(c2ccc(Cl)c(Cl)c2)c2ccccc21
